27.7128,77.9423,100.459,107.387,109.119,109.119,109.119,109.119,171.473,171.473,171.473,171.473,128.172,128.172,128.172,128.172,128.172,124.708,96.9948,25.9808,69.282,114.315,135.1,142.028,142.028,142.028,142.028,0,0,0,0,0,0,166.277,166.277,166.277,166.277,162.813,135.1,65.8179,31.1769,76.2102,96.9948,102.191,103.923,103.923,103.923,103.923,43.3013,43.3013,171.473,171.473,128.172,128.172,128.172,128.172,128.172,124.708,96.9948,25.9808,69.282,114.315,135.1,142.028,142.028,142.028,142.028,0,0,0,0,0,0,166.277,166.277,166.277,166.277,162.813,135.1,65.8179,31.1769,76.2102,96.9948,102.191,103.923,103.923,103.923,103.923,171.473,171.473,171.473,77.9423,77.9423,77.9423,77.9423,77.9423,77.9423,74.4782,46.7654,24.2487,
62.3538,129.904,164.545,174.937,178.401,180.133,180.133,39.8372,100.459,100.459,100.459,100.459,124.708,199.186,199.186,199.186,197.454,190.526,154.153,69.282,43.3013,100.459,129.904,138.564,142.028,142.028,105.655,0,0,0,0,0,0,124.708,166.277,166.277,166.277,157.617,121.244,38.1051,74.4782,133.368,161.081,171.473,173.205,174.937,174.937,161.081,114.315,6.9282,100.459,100.459,124.708,199.186,199.186,199.186,197.454,190.526,154.153,69.282,43.3013,100.459,129.904,138.564,142.028,142.028,105.655,0,0,0,0,0,0,124.708,166.277,166.277,166.277,157.617,121.244,38.1051,74.4782,133.368,161.081,171.473,173.205,174.937,174.937,107.387,100.459,100.459,100.459,24.2487,148.956,148.956,148.956,148.956,147.224,138.564,102.191,15.5885,
83.1384,161.081,204.382,219.97,225.167,226.899,226.899,53.6936,53.6936,53.6936,53.6936,53.6936,53.6936,245.951,245.951,245.951,244.219,232.095,190.526,98.7269,24.2487,90.0666,124.708,136.832,140.296,142.028,0,0,0,0,0,0,0,0,166.277,166.277,164.545,154.153,112.583,19.0526,102.191,168.009,202.65,216.506,219.97,221.702,221.702,161.081,161.081,53.6936,53.6936,53.6936,53.6936,245.951,245.951,245.951,244.219,232.095,190.526,98.7269,24.2487,90.0666,124.708,136.832,140.296,142.028,0,0,0,0,0,0,0,0,166.277,166.277,164.545,154.153,112.583,19.0526,102.191,168.009,202.65,216.506,219.97,221.702,221.702,53.6936,53.6936,53.6936,53.6936,53.6936,195.722,195.722,195.722,195.722,193.99,181.865,136.832,39.8372,
91.7987,176.669,223.435,242.487,247.683,251.147,251.147,29.4449,29.4449,29.4449,29.4449,29.4449,29.4449,270.2,270.2,270.2,266.736,254.611,209.578,114.315,12.1244,83.1384,121.244,135.1,140.296,142.028,0,0,0,0,0,0,0,0,166.277,166.277,164.545,150.688,107.387,10.3923,116.047,187.061,223.435,239.023,244.219,245.951,245.951,185.329,185.329,29.4449,29.4449,29.4449,29.4449,270.2,270.2,270.2,266.736,254.611,209.578,114.315,12.1244,83.1384,121.244,135.1,140.296,142.028,0,0,0,0,0,0,0,0,166.277,166.277,164.545,150.688,107.387,10.3923,116.047,187.061,223.435,239.023,244.219,245.951,245.951,29.4449,29.4449,29.4449,29.4449,29.4449,219.97,219.97,219.97,219.97,216.506,202.65,154.153,51.9615,
95.2628,183.597,232.095,252.879,259.808,263.272,17.3205,15.5885,15.5885,15.5885,15.5885,15.5885,15.5885,15.5885,284.056,282.324,278.86,265.004,219.97,121.244,6.9282,79.6743,117.779,133.368,140.296,0,0,0,0,0,0,0,0,0,0,166.277,162.813,148.956,103.923,5.19615,122.976,195.722,233.827,249.415,256.344,258.076,199.186,199.186,15.5885,15.5885,15.5885,15.5885,15.5885,15.5885,284.056,282.324,278.86,265.004,219.97,121.244,6.9282,79.6743,117.779,133.368,140.296,0,0,0,0,0,0,0,0,0,0,166.277,162.813,148.956,103.923,5.19615,122.976,195.722,233.827,249.415,256.344,258.076,15.5885,15.5885,15.5885,15.5885,15.5885,15.5885,15.5885,233.827,233.827,232.095,228.631,214.774,162.813,57.1577,
98.7269,187.061,237.291,258.076,266.736,129.904,10.3923,8.66025,8.66025,8.66025,8.66025,8.66025,8.66025,8.66025,216.506,289.252,285.788,271.932,225.167,126.44,3.4641,76.2102,116.047,133.368,102.191,0,0,0,0,0,0,0,0,0,0,124.708,162.813,148.956,102.191,3.4641,126.44,199.186,239.023,256.344,261.54,251.147,204.382,98.7269,8.66025,8.66025,8.66025,8.66025,8.66025,8.66025,216.506,289.252,285.788,271.932,225.167,126.44,3.4641,76.2102,116.047,133.368,102.191,0,0,0,0,0,0,0,0,0,0,124.708,162.813,148.956,102.191,3.4641,126.44,199.186,239.023,256.344,261.54,197.454,10.3923,8.66025,8.66025,8.66025,8.66025,8.66025,8.66025,116.047,240.755,239.023,235.559,219.97,168.009,60.6218,
98.7269,188.794,239.023,261.54,10.3923,6.9282,6.9282,5.19615,5.19615,5.19615,5.19615,5.19615,5.19615,5.19615,5.19615,6.9282,289.252,275.396,226.899,128.172,1.73205,76.2102,116.047,10.3923,3.4641,0,0,0,0,0,0,0,0,0,0,0,3.4641,148.956,102.191,1.73205,128.172,202.65,242.487,258.076,204.382,207.846,6.9282,5.19615,5.19615,5.19615,5.19615,5.19615,5.19615,5.19615,5.19615,6.9282,289.252,275.396,226.899,128.172,1.73205,76.2102,116.047,10.3923,3.4641,0,0,0,0,0,0,0,0,0,0,0,3.4641,148.956,102.191,1.73205,128.172,202.65,242.487,258.076,10.3923,6.9282,6.9282,5.19615,5.19615,5.19615,5.19615,5.19615,5.19615,5.19615,5.19615,242.487,239.023,223.435,169.741,62.3538,
98.7269,48.4974,39.8372,19.0526,10.3923,5.19615,5.19615,3.4641,3.4641,3.4641,3.4641,3.4641,3.4641,3.4641,3.4641,5.19615,8.66025,22.5167,154.153,129.904,20.7846,39.8372,27.7128,10.3923,3.4641,0,0,0,0,0,0,0,0,0,0,0,3.4641,17.3205,65.8179,39.8372,129.904,161.081,183.597,91.7987,8.66025,5.19615,5.19615,3.4641,3.4641,3.4641,3.4641,3.4641,3.4641,3.4641,3.4641,5.19615,8.66025,22.5167,154.153,129.904,34.641,67.55,25.9808,10.3923,3.4641,0,0,0,0,0,0,0,0,0,0,0,3.4641,17.3205,65.8179,39.8372,129.904,135.1,31.1769,15.5885,8.66025,5.19615,5.19615,3.4641,3.4641,3.4641,3.4641,3.4641,3.4641,3.4641,3.4641,5.19615,8.66025,98.7269,171.473,62.3538,
181.865,91.7987,39.8372,17.3205,8.66025,5.19615,3.4641,3.4641,3.4641,3.4641,3.4641,3.4641,3.4641,3.4641,3.4641,3.4641,8.66025,22.5167,265.004,164.545,34.641,39.8372,79.6743,96.9948,103.923,0,0,0,0,0,0,0,0,0,0,0,3.4641,19.0526,65.8179,166.277,145.492,71.0141,31.1769,13.8564,6.9282,5.19615,3.4641,3.4641,3.4641,3.4641,3.4641,3.4641,3.4641,3.4641,3.4641,3.4641,8.66025,22.5167,69.282,169.741,142.028,67.55,27.7128,10.3923,3.4641,0,0,0,0,0,0,0,0,0,0,0,3.4641,19.0526,65.8179,166.277,145.492,71.0141,31.1769,13.8564,6.9282,5.19615,3.4641,3.4641,3.4641,3.4641,3.4641,3.4641,3.4641,3.4641,3.4641,5.19615,8.66025,24.2487,77.9423,187.061,
181.865,90.0666,39.8372,17.3205,8.66025,5.19615,3.4641,3.4641,1.73205,1.73205,1.73205,1.73205,1.73205,1.73205,1.73205,3.4641,161.081,311.769,265.004,164.545,34.641,39.8372,79.6743,96.9948,103.923,107.387,53.6936,0,0,0,0,0,0,0,0,0,3.4641,19.0526,65.8179,166.277,145.492,71.0141,31.1769,13.8564,6.9282,3.4641,3.4641,1.73205,1.73205,1.73205,1.73205,1.73205,1.73205,1.73205,1.73205,3.4641,6.9282,22.5167,69.282,169.741,142.028,67.55,27.7128,10.3923,3.4641,0,0,0,0,0,0,0,0,0,0,0,3.4641,19.0526,65.8179,166.277,145.492,71.0141,31.1769,13.8564,6.9282,3.4641,3.4641,1.73205,1.73205,1.73205,1.73205,1.73205,1.73205,1.73205,3.4641,3.4641,8.66025,24.2487,76.2102,187.061,
180.133,90.0666,38.1051,17.3205,8.66025,5.19615,3.4641,1.73205,1.73205,1.73205,1.73205,1.73205,1.73205,1.73205,1.73205,3.4641,327.358,311.769,265.004,164.545,34.641,39.8372,79.6743,96.9948,103.923,107.387,107.387,0,0,0,0,0,0,0,0,0,3.4641,19.0526,65.8179,166.277,145.492,71.0141,31.1769,13.8564,6.9282,3.4641,3.4641,1.73205,1.73205,1.73205,1.73205,1.73205,1.73205,1.73205,1.73205,3.4641,6.9282,22.5167,69.282,169.741,142.028,67.55,27.7128,10.3923,3.4641,0,0,0,0,0,0,0,0,0,0,0,3.4641,19.0526,65.8179,166.277,145.492,71.0141,31.1769,13.8564,6.9282,3.4641,3.4641,1.73205,1.73205,1.73205,1.73205,1.73205,1.73205,1.73205,1.73205,3.4641,8.66025,24.2487,76.2102,185.329,
180.133,90.0666,38.1051,17.3205,8.66025,5.19615,3.4641,1.73205,1.73205,1.73205,1.73205,1.73205,1.73205,1.73205,1.73205,330.822,327.358,311.769,265.004,164.545,34.641,39.8372,79.6743,96.9948,103.923,107.387,107.387,107.387,0,0,0,0,0,0,0,0,3.4641,19.0526,65.8179,166.277,145.492,71.0141,31.1769,13.8564,6.9282,3.4641,1.73205,1.73205,1.73205,1.73205,1.73205,1.73205,1.73205,1.73205,1.73205,3.4641,6.9282,22.5167,69.282,169.741,142.028,67.55,27.7128,10.3923,3.4641,0,0,0,0,0,0,0,0,0,0,0,3.4641,19.0526,65.8179,166.277,145.492,71.0141,31.1769,13.8564,6.9282,3.4641,1.73205,1.73205,1.73205,1.73205,1.73205,1.73205,1.73205,1.73205,1.73205,3.4641,8.66025,24.2487,76.2102,185.329,
145.492,154.153,38.1051,17.3205,8.66025,5.19615,3.4641,1.73205,1.73205,1.73205,1.73205,1.73205,1.73205,1.73205,1.73205,330.822,327.358,311.769,199.186,76.2102,31.1769,39.8372,79.6743,96.9948,103.923,107.387,107.387,107.387,0,0,0,0,0,0,171.473,228.631,168.009,19.0526,161.081,76.2102,41.5692,71.0141,31.1769,13.8564,6.9282,3.4641,1.73205,1.73205,1.73205,1.73205,1.73205,1.73205,1.73205,1.73205,1.73205,174.937,230.363,155.885,162.813,76.2102,39.8372,67.55,27.7128,10.3923,3.4641,0,0,0,0,0,0,0,0,0,0,0,174.937,219.97,171.473,76.2102,41.5692,71.0141,31.1769,13.8564,6.9282,3.4641,1.73205,1.73205,1.73205,1.73205,1.73205,1.73205,1.73205,1.73205,1.73205,3.4641,8.66025,204.382,228.631,43.3013,
145.492,235.559,287.52,308.305,8.66025,5.19615,3.4641,1.73205,1.73205,1.73205,1.73205,1.73205,1.73205,1.73205,166.277,330.822,239.023,223.435,176.669,76.2102,53.6936,128.172,168.009,96.9948,103.923,107.387,107.387,107.387,53.6936,0,0,0,228.631,228.631,228.631,228.631,225.167,209.578,162.813,76.2102,53.6936,128.172,168.009,13.8564,6.9282,3.4641,1.73205,1.73205,1.73205,1.73205,1.73205,1.73205,1.73205,235.559,235.559,233.827,230.363,214.774,168.009,67.55,53.6936,128.172,168.009,10.3923,3.4641,0,0,0,0,0,0,0,0,0,239.023,239.023,239.023,223.435,176.669,76.2102,53.6936,128.172,168.009,13.8564,6.9282,3.4641,1.73205,1.73205,1.73205,1.73205,1.73205,1.73205,1.73205,1.73205,1.73205,301.377,296.181,280.592,228.631,119.512,
145.492,235.559,287.52,308.305,316.965,239.023,3.4641,1.73205,1.73205,1.73205,1.73205,1.73205,176.669,353.338,266.736,242.487,239.023,223.435,176.669,76.2102,53.6936,128.172,168.009,185.329,169.741,107.387,107.387,107.387,107.387,0,171.473,228.631,228.631,228.631,228.631,228.631,225.167,209.578,162.813,62.3538,62.3538,193.99,299.645,251.147,180.133,3.4641,1.73205,1.73205,1.73205,1.73205,1.73205,176.669,235.559,235.559,235.559,233.827,230.363,214.774,168.009,67.55,62.3538,133.368,168.009,185.329,178.401,0,0,0,0,0,0,0,178.401,239.023,240.755,242.487,239.023,223.435,176.669,76.2102,53.6936,128.172,168.009,263.272,346.41,173.205,1.73205,1.73205,1.73205,1.73205,1.73205,1.73205,1.73205,226.899,303.109,301.377,296.181,280.592,228.631,119.512,
145.492,235.559,287.52,308.305,316.965,320.429,3.4641,1.73205,1.73205,1.73205,353.338,353.338,353.338,353.338,244.219,242.487,239.023,223.435,176.669,76.2102,53.6936,128.172,168.009,185.329,192.258,107.387,107.387,107.387,53.6936,0,228.631,228.631,228.631,228.631,228.631,228.631,225.167,209.578,162.813,55.4256,185.329,259.808,299.645,316.965,323.893,327.358,1.73205,1.73205,1.73205,1.73205,1.73205,235.559,235.559,235.559,235.559,233.827,230.363,214.774,168.009,67.55,62.3538,136.832,169.741,185.329,192.258,0,0,0,0,0,0,0,239.023,239.023,242.487,242.487,239.023,223.435,176.669,76.2102,53.6936,282.324,322.161,339.482,346.41,349.874,351.606,351.606,1.73205,1.73205,1.73205,1.73205,1.73205,303.109,303.109,301.377,296.181,280.592,228.631,119.512,
145.492,235.559,287.52,308.305,316.965,320.429,322.161,1.73205,176.669,353.338,353.338,353.338,353.338,244.219,244.219,242.487,239.023,223.435,176.669,76.2102,53.6936,128.172,168.009,185.329,192.258,195.722,107.387,107.387,0,228.631,228.631,228.631,228.631,228.631,228.631,228.631,225.167,150.688,45.0333,55.4256,185.329,259.808,299.645,316.965,323.893,327.358,329.09,164.545,1.73205,1.73205,235.559,235.559,235.559,235.559,235.559,233.827,230.363,214.774,168.009,67.55,62.3538,136.832,176.669,187.061,192.258,195.722,0,0,0,0,0,239.023,239.023,242.487,242.487,242.487,239.023,223.435,176.669,1.73205,207.846,282.324,322.161,339.482,346.41,349.874,351.606,351.606,351.606,174.937,1.73205,1.73205,303.109,303.109,303.109,301.377,296.181,280.592,228.631,119.512,
140.296,228.631,278.86,301.377,310.037,313.501,315.233,10.3923,344.678,346.41,346.41,346.41,346.41,237.291,235.559,235.559,230.363,216.506,169.741,74.4782,51.9615,122.976,161.081,178.401,185.329,187.061,100.459,100.459,6.9282,221.702,221.702,221.702,221.702,221.702,221.702,219.97,216.506,84.8705,38.1051,58.8897,183.597,254.611,292.717,310.037,316.965,318.697,320.429,320.429,8.66025,8.66025,228.631,228.631,228.631,228.631,226.899,226.899,221.702,207.846,161.081,65.8179,60.6218,131.636,169.741,180.133,187.061,187.061,6.9282,6.9282,6.9282,6.9282,6.9282,232.095,232.095,235.559,235.559,233.827,230.363,216.506,169.741,81.4064,206.114,277.128,315.233,332.554,339.482,341.214,342.946,342.946,344.678,344.678,8.66025,8.66025,296.181,296.181,294.449,292.717,289.252,273.664,221.702,114.315,
112.583,188.794,233.827,252.879,261.54,265.004,266.736,275.396,296.181,297.913,297.913,297.913,195.722,188.794,187.061,187.061,181.865,169.741,131.636,55.4256,41.5692,88.3346,117.779,129.904,136.832,138.564,117.779,244.219,116.047,173.205,173.205,173.205,173.205,173.205,173.205,171.473,50.2295,38.1051,0,76.2102,173.205,219.97,249.415,261.54,268.468,270.2,271.932,271.932,273.664,121.244,180.133,180.133,180.133,180.133,178.401,178.401,173.205,161.081,122.976,46.7654,50.2295,96.9948,126.44,136.832,138.564,140.296,126.44,55.4256,55.4256,55.4256,122.976,183.597,185.329,187.061,187.061,185.329,181.865,169.741,22.5167,98.7269,195.722,242.487,271.932,284.056,290.985,292.717,294.449,294.449,296.181,296.181,296.181,171.473,247.683,247.683,245.951,245.951,240.755,225.167,178.401,81.4064,
38.1051,81.4064,110.851,126.44,133.368,135.1,136.832,138.564,168.009,168.009,168.009,168.009,58.8897,58.8897,58.8897,57.1577,53.6936,45.0333,29.4449,8.66025,13.8564,1.73205,0,5.19615,8.66025,10.3923,10.3923,114.315,43.3013,43.3013,43.3013,43.3013,43.3013,43.3013,43.3013,43.3013,77.9423,86.6025,102.191,122.976,145.492,133.368,131.636,136.832,140.296,142.028,142.028,143.76,143.76,50.2295,50.2295,50.2295,50.2295,50.2295,50.2295,48.4974,45.0333,36.3731,20.7846,0,22.5167,10.3923,8.66025,13.8564,10.3923,12.1244,10.3923,185.329,185.329,185.329,53.6936,53.6936,57.1577,57.1577,57.1577,57.1577,53.6936,45.0333,124.708,145.492,168.009,155.885,154.153,159.349,162.813,164.545,164.545,166.277,166.277,166.277,166.277,117.779,117.779,117.779,117.779,116.047,110.851,98.7269,62.3538,6.9282,
69.282,41.5692,22.5167,12.1244,6.9282,5.19615,3.4641,5.19615,27.7128,27.7128,27.7128,27.7128,74.4782,81.4064,83.1384,83.1384,84.8705,86.6025,67.55,8.66025,76.2102,114.315,129.904,131.636,131.636,129.904,124.708,25.9808,62.3538,96.9948,96.9948,96.9948,96.9948,96.9948,96.9948,155.885,218.238,218.238,199.186,140.296,55.4256,19.0526,3.4641,0,0,1.73205,1.73205,1.73205,3.4641,39.8372,90.0666,90.0666,90.0666,90.0666,91.7987,91.7987,93.5307,95.2628,76.2102,17.3205,67.55,105.655,121.244,124.708,129.904,128.172,126.44,116.047,116.047,116.047,50.2295,86.6025,84.8705,83.1384,83.1384,83.1384,86.6025,164.545,221.702,162.813,77.9423,41.5692,25.9808,22.5167,22.5167,24.2487,24.2487,24.2487,25.9808,25.9808,25.9808,19.0526,22.5167,22.5167,24.2487,24.2487,27.7128,36.3731,55.4256,81.4064,
93.5307,77.9423,67.55,60.6218,57.1577,55.4256,55.4256,24.2487,24.2487,24.2487,24.2487,24.2487,24.2487,133.368,133.368,133.368,135.1,128.172,96.9948,17.3205,90.0666,143.76,171.473,178.401,180.133,180.133,76.2102,76.2102,76.2102,147.224,147.224,147.224,147.224,147.224,147.224,266.736,266.736,261.54,228.631,148.956,41.5692,12.1244,38.1051,46.7654,48.4974,48.4974,48.4974,48.4974,48.4974,48.4974,142.028,142.028,142.028,142.028,142.028,142.028,143.76,136.832,105.655,25.9808,81.4064,135.1,162.813,176.669,178.401,178.401,178.401,65.8179,65.8179,65.8179,46.7654,136.832,135.1,133.368,133.368,135.1,135.1,284.056,251.147,171.473,64.0859,10.3923,15.5885,24.2487,25.9808,25.9808,25.9808,25.9808,25.9808,25.9808,25.9808,25.9808,74.4782,74.4782,74.4782,76.2102,77.9423,83.1384,93.5307,107.387,
105.655,98.7269,93.5307,90.0666,86.6025,84.8705,84.8705,55.4256,55.4256,55.4256,55.4256,55.4256,55.4256,164.545,164.545,164.545,162.813,152.42,112.583,22.5167,96.9948,161.081,193.99,206.114,209.578,211.31,107.387,107.387,36.3731,178.401,178.401,178.401,178.401,178.401,178.401,237.291,294.449,285.788,245.951,154.153,34.641,29.4449,62.3538,74.4782,77.9423,79.6743,79.6743,79.6743,79.6743,24.2487,173.205,173.205,173.205,173.205,173.205,173.205,171.473,161.081,121.244,31.1769,88.3346,152.42,185.329,204.382,207.846,209.578,148.956,34.641,34.641,34.641,22.5167,168.009,168.009,164.545,164.545,164.545,162.813,232.095,268.468,176.669,57.1577,6.9282,39.8372,51.9615,55.4256,57.1577,57.1577,57.1577,57.1577,57.1577,57.1577,12.1244,105.655,105.655,105.655,105.655,107.387,110.851,116.047,122.976,
112.583,109.119,105.655,103.923,102.191,100.459,15.5885,71.0141,71.0141,71.0141,71.0141,71.0141,71.0141,71.0141,180.133,180.133,176.669,164.545,121.244,25.9808,98.7269,168.009,204.382,219.97,225.167,122.976,122.976,122.976,19.0526,19.0526,193.99,193.99,193.99,193.99,193.99,193.99,308.305,296.181,252.879,157.617,32.909,36.3731,72.7461,86.6025,91.7987,93.5307,95.2628,95.2628,95.2628,15.5885,15.5885,188.794,188.794,188.794,188.794,188.794,185.329,173.205,129.904,34.641,90.0666,159.349,202.65,218.238,223.435,225.167,19.0526,19.0526,19.0526,19.0526,19.0526,93.5307,183.597,181.865,180.133,180.133,176.669,164.545,275.396,180.133,55.4256,13.8564,50.2295,64.0859,69.282,71.0141,72.7461,72.7461,72.7461,72.7461,72.7461,15.5885,15.5885,121.244,121.244,121.244,122.976,124.708,126.44,129.904,
114.315,112.583,110.851,110.851,109.119,79.6743,6.9282,79.6743,79.6743,79.6743,79.6743,79.6743,79.6743,79.6743,181.865,187.061,183.597,171.473,124.708,27.7128,100.459,171.473,209.578,225.167,226.899,129.904,131.636,131.636,10.3923,10.3923,150.688,202.65,202.65,202.65,202.65,200.918,315.233,303.109,258.076,159.349,31.1769,39.8372,77.9423,93.5307,100.459,102.191,102.191,103.923,103.923,6.9282,6.9282,145.492,197.454,197.454,197.454,195.722,192.258,180.133,133.368,36.3731,91.7987,164.545,207.846,223.435,230.363,232.095,10.3923,10.3923,10.3923,10.3923,10.3923,102.191,169.741,190.526,190.526,187.061,183.597,171.473,280.592,181.865,53.6936,17.3205,55.4256,71.0141,77.9423,79.6743,79.6743,81.4064,81.4064,81.4064,81.4064,6.9282,6.9282,95.2628,129.904,129.904,129.904,131.636,133.368,135.1,
116.047,116.047,114.315,114.315,1.73205,3.4641,3.4641,3.4641,83.1384,83.1384,83.1384,83.1384,83.1384,83.1384,83.1384,81.4064,187.061,173.205,128.172,29.4449,100.459,173.205,213.042,124.708,131.636,133.368,135.1,6.9282,6.9282,6.9282,6.9282,6.9282,206.114,206.114,206.114,206.114,202.65,306.573,259.808,161.081,31.1769,41.5692,81.4064,96.9948,103.923,105.655,107.387,107.387,3.4641,3.4641,3.4641,3.4641,3.4641,200.918,200.918,199.186,195.722,181.865,136.832,38.1051,98.7269,171.473,211.31,226.899,233.827,8.66025,6.9282,6.9282,6.9282,6.9282,6.9282,6.9282,105.655,105.655,193.99,193.99,188.794,174.937,128.172,183.597,53.6936,19.0526,58.8897,74.4782,81.4064,83.1384,84.8705,84.8705,84.8705,84.8705,3.4641,3.4641,3.4641,3.4641,3.4641,133.368,133.368,135.1,135.1,136.832,
116.047,86.6025,0,0,0,0,0,0,43.3013,86.6025,86.6025,86.6025,86.6025,84.8705,84.8705,84.8705,185.329,278.86,133.368,29.4449,95.2628,69.282,110.851,126.44,133.368,136.832,65.8179,5.19615,3.4641,3.4641,3.4641,3.4641,3.4641,3.4641,192.258,207.846,199.186,244.219,261.54,161.081,31.1769,41.5692,81.4064,98.7269,105.655,107.387,109.119,53.6936,1.73205,1.73205,1.73205,1.73205,1.73205,1.73205,145.492,200.918,197.454,181.865,129.904,31.1769,98.7269,171.473,213.042,228.631,174.937,5.19615,5.19615,5.19615,3.4641,3.4641,3.4641,3.4641,53.6936,109.119,174.937,195.722,192.258,178.401,131.636,107.387,53.6936,19.0526,58.8897,76.2102,83.1384,84.8705,86.6025,86.6025,86.6025,41.5692,1.73205,1.73205,1.73205,1.73205,1.73205,1.73205,0,102.191,136.832,102.191,
0,0,0,0,0,0,0,0,0,0,86.6025,86.6025,86.6025,86.6025,86.6025,84.8705,81.4064,178.401,233.827,133.368,3.4641,71.0141,110.851,128.172,135.1,5.19615,3.4641,3.4641,3.4641,3.4641,3.4641,3.4641,3.4641,3.4641,3.4641,5.19615,192.258,178.401,131.636,161.081,31.1769,43.3013,83.1384,100.459,105.655,109.119,0,0,0,0,0,0,0,0,0,1.73205,192.258,178.401,131.636,31.1769,98.7269,173.205,213.042,13.8564,6.9282,5.19615,3.4641,3.4641,3.4641,3.4641,3.4641,3.4641,3.4641,3.4641,109.119,107.387,192.258,178.401,131.636,31.1769,98.7269,20.7846,60.6218,77.9423,83.1384,86.6025,88.3346,88.3346,0,0,0,0,0,0,0,0,0,0,0,0,
0,0,0,0,0,0,0,0,0,0,0,0,43.3013,86.6025,43.3013,1.73205,5.19615,19.0526,81.4064,31.1769,17.3205,71.0141,39.8372,13.8564,6.9282,3.4641,3.4641,3.4641,1.73205,1.73205,1.73205,1.73205,1.73205,1.73205,3.4641,3.4641,6.9282,22.5167,81.4064,31.1769,38.1051,12.1244,83.1384,45.0333,3.4641,1.73205,0,0,0,0,0,0,0,0,0,1.73205,5.19615,19.0526,81.4064,31.1769,38.1051,71.0141,31.1769,13.8564,6.9282,3.4641,3.4641,3.4641,1.73205,1.73205,1.73205,1.73205,1.73205,1.73205,3.4641,3.4641,50.2295,90.0666,96.9948,31.1769,38.1051,67.55,27.7128,32.909,84.8705,41.5692,0,0,0,0,0,0,0,0,0,0,0,0,0,0,
0,0,0,0,0,0,0,0,0,0,0,0,0,0,0,0,5.19615,19.0526,65.8179,166.277,145.492,71.0141,31.1769,13.8564,6.9282,3.4641,3.4641,1.73205,1.73205,1.73205,1.73205,1.73205,1.73205,1.73205,1.73205,3.4641,6.9282,22.5167,69.282,169.741,142.028,67.55,27.7128,10.3923,3.4641,0,0,0,0,0,0,0,0,0,0,0,5.19615,19.0526,65.8179,166.277,145.492,71.0141,31.1769,13.8564,6.9282,3.4641,3.4641,1.73205,1.73205,1.73205,1.73205,1.73205,1.73205,1.73205,1.73205,3.4641,6.9282,22.5167,69.282,169.741,142.028,67.55,27.7128,10.3923,3.4641,0,0,0,0,0,0,0,0,0,0,0,0,0,0,0,
0,0,0,0,0,0,0,0,0,0,0,0,0,0,0,0,3.4641,19.0526,65.8179,166.277,145.492,71.0141,31.1769,13.8564,6.9282,3.4641,1.73205,1.73205,1.73205,1.73205,1.73205,1.73205,1.73205,1.73205,1.73205,3.4641,6.9282,22.5167,69.282,169.741,142.028,67.55,27.7128,10.3923,3.4641,0,0,0,0,0,0,0,0,0,0,0,3.4641,19.0526,65.8179,166.277,145.492,71.0141,31.1769,13.8564,6.9282,3.4641,1.73205,1.73205,1.73205,1.73205,1.73205,1.73205,1.73205,1.73205,1.73205,3.4641,6.9282,22.5167,69.282,169.741,142.028,67.55,27.7128,10.3923,3.4641,0,0,0,0,0,0,0,0,0,0,0,0,0,0,0,
0,0,0,0,0,0,0,0,0,0,0,0,0,0,0,0,3.4641,19.0526,65.8179,166.277,145.492,71.0141,31.1769,13.8564,6.9282,3.4641,1.73205,1.73205,1.73205,1.73205,1.73205,1.73205,1.73205,1.73205,1.73205,3.4641,6.9282,22.5167,69.282,169.741,142.028,67.55,27.7128,10.3923,3.4641,0,0,0,0,0,0,0,0,0,0,0,3.4641,19.0526,65.8179,166.277,145.492,71.0141,31.1769,13.8564,6.9282,3.4641,1.73205,1.73205,1.73205,1.73205,1.73205,1.73205,1.73205,1.73205,1.73205,3.4641,6.9282,22.5167,69.282,169.741,142.028,67.55,27.7128,10.3923,3.4641,0,0,0,0,0,0,0,0,0,0,0,0,0,0,0,
0,0,0,0,0,0,0,0,0,0,0,0,0,0,0,0,3.4641,19.0526,161.081,76.2102,41.5692,71.0141,31.1769,13.8564,6.9282,3.4641,1.73205,1.73205,1.73205,1.73205,1.73205,1.73205,1.73205,1.73205,173.205,228.631,168.009,22.5167,162.813,76.2102,39.8372,67.55,27.7128,10.3923,3.4641,0,0,0,0,0,0,0,0,0,0,174.937,230.363,155.885,161.081,76.2102,41.5692,71.0141,31.1769,13.8564,6.9282,3.4641,1.73205,1.73205,1.73205,1.73205,1.73205,1.73205,1.73205,1.73205,1.73205,3.4641,174.937,219.97,173.205,76.2102,39.8372,67.55,27.7128,161.081,225.167,171.473,0,0,0,0,0,0,0,0,0,0,0,0,0,0,
185.329,138.564,0,0,0,0,0,0,0,0,0,0,0,0,0,0,239.023,223.435,176.669,76.2102,53.6936,128.172,168.009,13.8564,6.9282,3.4641,1.73205,1.73205,1.73205,1.73205,1.73205,1.73205,230.363,230.363,230.363,228.631,225.167,209.578,162.813,76.2102,53.6936,128.172,168.009,10.3923,3.4641,0,0,0,0,0,0,0,0,233.827,233.827,233.827,239.023,223.435,176.669,76.2102,53.6936,128.172,168.009,13.8564,6.9282,3.4641,1.73205,1.73205,1.73205,1.73205,1.73205,1.73205,1.73205,1.73205,240.755,239.023,239.023,223.435,176.669,76.2102,53.6936,128.172,168.009,218.238,225.167,228.631,228.631,228.631,0,0,0,0,0,0,0,0,0,0,0,0,
185.329,185.329,185.329,185.329,0,0,0,0,0,0,0,0,0,0,226.899,242.487,239.023,223.435,176.669,76.2102,53.6936,128.172,168.009,185.329,180.133,3.4641,1.73205,1.73205,1.73205,1.73205,173.205,230.363,230.363,230.363,230.363,228.631,225.167,209.578,162.813,62.3538,60.6218,128.172,168.009,185.329,178.401,0,0,0,0,0,0,174.937,233.827,233.827,239.023,242.487,239.023,223.435,176.669,76.2102,53.6936,128.172,168.009,185.329,180.133,3.4641,1.73205,1.73205,1.73205,1.73205,1.73205,1.73205,180.133,240.755,244.219,242.487,239.023,223.435,176.669,76.2102,53.6936,128.172,168.009,185.329,195.722,228.631,228.631,228.631,228.631,171.473,0,0,0,0,0,0,0,0,0,0,
185.329,185.329,185.329,185.329,185.329,138.564,0,0,0,0,0,0,0,0,242.487,242.487,239.023,223.435,176.669,77.9423,53.6936,128.172,168.009,185.329,192.258,3.4641,1.73205,1.73205,1.73205,1.73205,230.363,230.363,230.363,230.363,230.363,228.631,225.167,209.578,162.813,62.3538,67.55,128.172,168.009,185.329,192.258,0,0,0,0,0,0,233.827,233.827,233.827,242.487,242.487,239.023,223.435,176.669,76.2102,53.6936,128.172,168.009,185.329,192.258,3.4641,1.73205,1.73205,1.73205,1.73205,1.73205,1.73205,240.755,240.755,244.219,242.487,239.023,223.435,176.669,76.2102,53.6936,128.172,168.009,185.329,192.258,228.631,228.631,228.631,228.631,228.631,0,0,0,0,0,0,0,136.832,275.396,136.832,
185.329,185.329,185.329,185.329,185.329,185.329,0,0,0,0,0,0,0,242.487,242.487,242.487,240.755,225.167,178.401,77.9423,51.9615,126.44,166.277,185.329,192.258,195.722,1.73205,1.73205,1.73205,230.363,230.363,230.363,230.363,230.363,230.363,228.631,225.167,209.578,162.813,62.3538,67.55,142.028,168.009,185.329,192.258,195.722,0,0,0,0,233.827,233.827,233.827,242.487,242.487,242.487,239.023,223.435,176.669,76.2102,53.6936,128.172,168.009,185.329,192.258,195.722,1.73205,1.73205,1.73205,1.73205,1.73205,240.755,240.755,244.219,244.219,242.487,239.023,223.435,176.669,76.2102,53.6936,128.172,168.009,185.329,192.258,195.722,228.631,228.631,228.631,228.631,228.631,0,0,0,0,275.396,275.396,275.396,275.396,275.396,
181.865,180.133,178.401,178.401,178.401,178.401,178.401,6.9282,6.9282,6.9282,6.9282,6.9282,6.9282,235.559,235.559,235.559,232.095,218.238,171.473,74.4782,50.2295,121.244,159.349,176.669,185.329,187.061,147.224,10.3923,8.66025,223.435,223.435,223.435,223.435,223.435,221.702,221.702,216.506,202.65,155.885,60.6218,65.8179,136.832,161.081,178.401,185.329,187.061,337.75,164.545,6.9282,6.9282,226.899,226.899,226.899,235.559,235.559,233.827,230.363,216.506,169.741,72.7461,51.9615,122.976,161.081,178.401,185.329,187.061,10.3923,10.3923,8.66025,8.66025,8.66025,233.827,287.52,237.291,235.559,235.559,230.363,216.506,169.741,74.4782,51.9615,122.976,161.081,178.401,185.329,187.061,221.702,221.702,221.702,221.702,221.702,6.9282,6.9282,129.904,268.468,268.468,268.468,268.468,270.2,271.932,
154.153,140.296,133.368,131.636,129.904,129.904,129.904,55.4256,55.4256,55.4256,55.4256,55.4256,171.473,187.061,188.794,187.061,183.597,171.473,133.368,57.1577,39.8372,86.6025,116.047,128.172,135.1,138.564,169.741,58.8897,117.779,174.937,174.937,174.937,174.937,174.937,173.205,173.205,168.009,155.885,117.779,41.5692,55.4256,102.191,124.708,129.904,136.832,138.564,176.669,289.252,55.4256,119.512,178.401,178.401,183.597,187.061,187.061,185.329,181.865,169.741,131.636,55.4256,41.5692,88.3346,117.779,129.904,136.832,138.564,128.172,58.8897,57.1577,57.1577,124.708,185.329,240.755,188.794,187.061,187.061,181.865,169.741,131.636,55.4256,41.5692,88.3346,117.779,129.904,136.832,138.564,143.76,173.205,173.205,173.205,173.205,116.047,55.4256,219.97,219.97,219.97,219.97,221.702,226.899,239.023,
79.6743,32.909,10.3923,3.4641,1.73205,1.73205,1.73205,45.0333,183.597,183.597,183.597,183.597,58.8897,60.6218,58.8897,58.8897,55.4256,46.7654,31.1769,10.3923,12.1244,0,1.73205,3.4641,6.9282,8.66025,10.3923,128.172,45.0333,45.0333,45.0333,45.0333,45.0333,45.0333,45.0333,43.3013,39.8372,31.1769,15.5885,5.19615,27.7128,15.5885,13.8564,5.19615,8.66025,10.3923,10.3923,159.349,159.349,48.4974,48.4974,48.4974,57.1577,57.1577,57.1577,57.1577,53.6936,45.0333,29.4449,8.66025,13.8564,1.73205,0,5.19615,8.66025,10.3923,10.3923,187.061,187.061,187.061,55.4256,162.813,58.8897,58.8897,58.8897,57.1577,53.6936,45.0333,29.4449,8.66025,13.8564,1.73205,0,5.19615,8.66025,10.3923,10.3923,43.3013,43.3013,43.3013,43.3013,43.3013,90.0666,90.0666,90.0666,91.7987,91.7987,95.2628,110.851,150.688,
27.7128,90.0666,122.976,135.1,138.564,138.564,138.564,138.564,117.779,117.779,117.779,117.779,69.282,81.4064,81.4064,81.4064,84.8705,84.8705,65.8179,6.9282,77.9423,114.315,129.904,133.368,133.368,131.636,100.459,13.8564,41.5692,95.2628,95.2628,95.2628,95.2628,95.2628,96.9948,96.9948,98.7269,100.459,81.4064,22.5167,62.3538,100.459,122.976,131.636,131.636,129.904,93.5307,19.0526,19.0526,39.8372,91.7987,91.7987,86.6025,83.1384,83.1384,83.1384,86.6025,86.6025,67.55,8.66025,76.2102,112.583,128.172,131.636,131.636,129.904,114.315,112.583,114.315,114.315,34.641,22.5167,29.4449,81.4064,83.1384,83.1384,84.8705,86.6025,67.55,8.66025,76.2102,114.315,129.904,131.636,131.636,129.904,126.44,96.9948,96.9948,96.9948,96.9948,45.0333,50.2295,50.2295,50.2295,50.2295,48.4974,41.5692,6.9282,76.2102,
51.9615,126.44,168.009,183.597,188.794,190.526,190.526,155.885,65.8179,65.8179,65.8179,65.8179,83.1384,131.636,131.636,133.368,133.368,128.172,95.2628,15.5885,91.7987,145.492,171.473,180.133,181.865,181.865,122.976,64.0859,0,147.224,147.224,147.224,147.224,147.224,147.224,147.224,148.956,142.028,110.851,31.1769,76.2102,129.904,171.473,178.401,180.133,180.133,31.1769,31.1769,31.1769,17.3205,142.028,142.028,136.832,133.368,133.368,135.1,135.1,129.904,96.9948,17.3205,90.0666,143.76,169.741,178.401,180.133,180.133,119.512,62.3538,62.3538,62.3538,17.3205,29.4449,81.4064,133.368,133.368,133.368,135.1,128.172,96.9948,17.3205,90.0666,143.76,171.473,178.401,180.133,180.133,164.545,147.224,147.224,147.224,147.224,17.3205,100.459,100.459,100.459,100.459,98.7269,88.3346,45.0333,50.2295,
64.0859,147.224,193.99,211.31,218.238,219.97,221.702,193.99,34.641,34.641,34.641,34.641,162.813,162.813,162.813,162.813,161.081,152.42,112.583,20.7846,98.7269,162.813,195.722,207.846,211.31,213.042,213.042,95.2628,95.2628,178.401,178.401,178.401,178.401,178.401,178.401,178.401,176.669,166.277,126.44,36.3731,83.1384,147.224,193.99,206.114,209.578,211.31,62.3538,62.3538,62.3538,62.3538,173.205,173.205,162.813,164.545,164.545,164.545,162.813,154.153,114.315,22.5167,96.9948,161.081,193.99,206.114,209.578,211.31,213.042,31.1769,31.1769,31.1769,60.6218,60.6218,164.545,164.545,164.545,164.545,162.813,152.42,112.583,22.5167,96.9948,161.081,193.99,206.114,209.578,211.31,211.31,178.401,178.401,178.401,178.401,131.636,131.636,131.636,131.636,129.904,128.172,114.315,67.55,34.641,
71.0141,157.617,206.114,225.167,232.095,235.559,237.291,95.2628,19.0526,19.0526,19.0526,19.0526,129.904,178.401,178.401,178.401,174.937,162.813,119.512,24.2487,100.459,169.741,206.114,219.97,225.167,226.899,169.741,110.851,46.7654,15.5885,193.99,193.99,193.99,193.99,193.99,193.99,190.526,178.401,135.1,39.8372,84.8705,168.009,204.382,219.97,225.167,77.9423,77.9423,77.9423,77.9423,29.4449,19.0526,188.794,183.597,178.401,180.133,180.133,176.669,164.545,121.244,25.9808,98.7269,168.009,204.382,218.238,223.435,226.899,166.277,15.5885,15.5885,15.5885,29.4449,76.2102,128.172,180.133,180.133,180.133,176.669,164.545,121.244,25.9808,98.7269,168.009,204.382,219.97,225.167,226.899,211.31,193.99,193.99,193.99,19.0526,64.0859,147.224,147.224,147.224,145.492,142.028,128.172,77.9423,27.7128,
72.7461,161.081,211.31,232.095,240.755,244.219,216.506,10.3923,10.3923,10.3923,10.3923,10.3923,10.3923,187.061,187.061,185.329,181.865,169.741,124.708,25.9808,102.191,173.205,211.31,226.899,233.827,235.559,117.779,119.512,6.9282,6.9282,148.956,202.65,202.65,202.65,202.65,200.918,197.454,185.329,138.564,41.5692,93.5307,171.473,209.578,225.167,195.722,84.8705,86.6025,86.6025,86.6025,10.3923,10.3923,145.492,197.454,187.061,188.794,187.061,183.597,171.473,126.44,27.7128,100.459,171.473,209.578,225.167,232.095,235.559,8.66025,6.9282,6.9282,6.9282,6.9282,84.8705,84.8705,188.794,188.794,187.061,183.597,171.473,124.708,27.7128,100.459,171.473,209.578,225.167,232.095,233.827,202.65,202.65,202.65,150.688,10.3923,10.3923,155.885,155.885,155.885,154.153,150.688,135.1,83.1384,24.2487,
74.4782,164.545,214.774,235.559,244.219,240.755,221.702,6.9282,6.9282,6.9282,6.9282,6.9282,6.9282,190.526,190.526,190.526,187.061,173.205,126.44,27.7128,102.191,174.937,214.774,230.363,237.291,239.023,122.976,122.976,3.4641,3.4641,3.4641,3.4641,206.114,206.114,206.114,204.382,200.918,187.061,142.028,29.4449,100.459,173.205,213.042,79.6743,86.6025,88.3346,90.0666,90.0666,90.0666,6.9282,6.9282,6.9282,6.9282,190.526,190.526,190.526,188.794,174.937,128.172,29.4449,100.459,173.205,213.042,230.363,237.291,239.023,3.4641,3.4641,3.4641,3.4641,3.4641,88.3346,88.3346,192.258,192.258,190.526,187.061,173.205,128.172,29.4449,100.459,173.205,213.042,228.631,235.559,237.291,206.114,206.114,6.9282,6.9282,6.9282,6.9282,159.349,159.349,159.349,157.617,154.153,138.564,86.6025,22.5167,
74.4782,164.545,216.506,237.291,218.238,221.702,5.19615,5.19615,5.19615,3.4641,3.4641,3.4641,3.4641,3.4641,192.258,192.258,188.794,174.937,128.172,27.7128,102.191,174.937,214.774,232.095,239.023,122.976,124.708,1.73205,1.73205,1.73205,1.73205,1.73205,1.73205,1.73205,200.918,207.846,195.722,323.893,164.545,29.4449,64.0859,24.2487,65.8179,81.4064,88.3346,91.7987,91.7987,91.7987,3.4641,3.4641,3.4641,3.4641,3.4641,3.4641,192.258,192.258,188.794,174.937,129.904,29.4449,100.459,174.937,214.774,232.095,239.023,3.4641,1.73205,1.73205,1.73205,1.73205,1.73205,1.73205,90.0666,90.0666,193.99,193.99,188.794,174.937,128.172,29.4449,100.459,173.205,214.774,230.363,237.291,155.885,5.19615,5.19615,3.4641,3.4641,3.4641,3.4641,3.4641,162.813,161.081,161.081,155.885,140.296,88.3346,20.7846,
74.4782,157.617,188.794,211.31,219.97,109.119,3.4641,3.4641,3.4641,3.4641,3.4641,3.4641,3.4641,3.4641,145.492,192.258,188.794,174.937,128.172,27.7128,102.191,176.669,216.506,233.827,180.133,124.708,62.3538,0,0,0,0,0,0,0,145.492,193.99,190.526,251.147,278.86,178.401,48.4974,25.9808,65.8179,83.1384,90.0666,91.7987,93.5307,45.0333,3.4641,3.4641,3.4641,3.4641,3.4641,3.4641,145.492,192.258,188.794,174.937,128.172,27.7128,102.191,176.669,216.506,233.827,176.669,1.73205,0,0,0,0,0,0,45.0333,91.7987,143.76,193.99,190.526,176.669,129.904,29.4449,100.459,174.937,214.774,232.095,178.401,5.19615,3.4641,3.4641,3.4641,3.4641,3.4641,3.4641,3.4641,79.6743,162.813,161.081,157.617,142.028,88.3346,20.7846,
46.7654,138.564,188.794,211.31,8.66025,5.19615,3.4641,3.4641,3.4641,1.73205,1.73205,1.73205,1.73205,1.73205,3.4641,3.4641,190.526,174.937,128.172,27.7128,102.191,176.669,216.506,116.047,122.976,1.73205,0,0,0,0,0,0,0,0,0,1.73205,190.526,176.669,129.904,178.401,48.4974,25.9808,65.8179,83.1384,90.0666,93.5307,3.4641,3.4641,1.73205,1.73205,1.73205,1.73205,1.73205,1.73205,3.4641,3.4641,190.526,174.937,128.172,27.7128,102.191,176.669,216.506,10.3923,3.4641,1.73205,0,0,0,0,0,0,0,0,91.7987,90.0666,190.526,176.669,129.904,29.4449,100.459,174.937,214.774,13.8564,6.9282,3.4641,3.4641,3.4641,1.73205,1.73205,1.73205,1.73205,1.73205,1.73205,3.4641,162.813,157.617,142.028,90.0666,20.7846,
48.4974,24.2487,38.1051,17.3205,8.66025,5.19615,3.4641,1.73205,1.73205,1.73205,1.73205,1.73205,1.73205,1.73205,1.73205,3.4641,6.9282,22.5167,79.6743,27.7128,41.5692,58.8897,34.641,10.3923,3.4641,0,0,0,0,0,0,0,0,0,0,0,5.19615,19.0526,79.6743,29.4449,39.8372,22.5167,65.8179,34.641,6.9282,3.4641,3.4641,1.73205,1.73205,1.73205,1.73205,1.73205,1.73205,1.73205,1.73205,3.4641,6.9282,22.5167,79.6743,27.7128,39.8372,67.55,27.7128,10.3923,3.4641,0,0,0,0,0,0,0,0,0,0,0,39.8372,72.7461,77.9423,29.4449,39.8372,71.0141,31.1769,13.8564,6.9282,3.4641,3.4641,1.73205,1.73205,1.73205,1.73205,1.73205,1.73205,1.73205,1.73205,3.4641,8.66025,58.8897,90.0666,102.191,
180.133,90.0666,38.1051,17.3205,8.66025,5.19615,3.4641,1.73205,1.73205,1.73205,1.73205,1.73205,1.73205,1.73205,1.73205,3.4641,6.9282,22.5167,69.282,169.741,142.028,67.55,27.7128,10.3923,3.4641,0,0,0,0,0,0,0,0,0,0,0,3.4641,19.0526,65.8179,166.277,145.492,71.0141,31.1769,13.8564,6.9282,3.4641,1.73205,1.73205,1.73205,1.73205,1.73205,1.73205,1.73205,1.73205,1.73205,3.4641,6.9282,22.5167,69.282,169.741,142.028,67.55,27.7128,10.3923,3.4641,0,0,0,0,0,0,0,0,0,0,0,3.4641,19.0526,65.8179,166.277,145.492,71.0141,31.1769,13.8564,6.9282,3.4641,1.73205,1.73205,1.73205,1.73205,1.73205,1.73205,1.73205,1.73205,1.73205,3.4641,8.66025,24.2487,76.2102,185.329,
180.133,90.0666,38.1051,17.3205,8.66025,5.19615,3.4641,1.73205,1.73205,1.73205,1.73205,1.73205,1.73205,1.73205,1.73205,3.4641,6.9282,22.5167,69.282,169.741,142.028,67.55,27.7128,10.3923,3.4641,0,0,0,0,0,0,0,0,0,0,0,3.4641,19.0526,65.8179,166.277,145.492,71.0141,31.1769,13.8564,6.9282,3.4641,1.73205,1.73205,1.73205,1.73205,1.73205,1.73205,1.73205,1.73205,1.73205,3.4641,6.9282,22.5167,69.282,169.741,142.028,67.55,27.7128,10.3923,3.4641,0,0,0,0,0,0,0,0,0,0,0,3.4641,19.0526,65.8179,166.277,145.492,71.0141,31.1769,13.8564,6.9282,3.4641,1.73205,1.73205,1.73205,1.73205,1.73205,1.73205,1.73205,1.73205,1.73205,3.4641,8.66025,24.2487,76.2102,185.329,
145.492,154.153,38.1051,17.3205,8.66025,5.19615,3.4641,1.73205,1.73205,1.73205,1.73205,1.73205,1.73205,1.73205,1.73205,3.4641,6.9282,22.5167,162.813,76.2102,39.8372,67.55,27.7128,10.3923,3.4641,0,0,0,0,0,0,0,0,0,171.473,228.631,168.009,19.0526,161.081,76.2102,41.5692,71.0141,31.1769,13.8564,6.9282,3.4641,1.73205,1.73205,1.73205,1.73205,1.73205,1.73205,1.73205,1.73205,1.73205,174.937,230.363,155.885,162.813,76.2102,39.8372,67.55,27.7128,10.3923,3.4641,0,0,0,0,0,0,0,0,0,0,0,174.937,219.97,171.473,76.2102,41.5692,71.0141,31.1769,13.8564,6.9282,3.4641,1.73205,1.73205,1.73205,1.73205,1.73205,1.73205,1.73205,1.73205,1.73205,3.4641,8.66025,204.382,228.631,43.3013,
145.492,235.559,287.52,308.305,8.66025,5.19615,3.4641,1.73205,1.73205,1.73205,1.73205,1.73205,1.73205,1.73205,1.73205,3.4641,239.023,223.435,176.669,76.2102,53.6936,128.172,168.009,10.3923,3.4641,0,0,0,0,0,0,0,228.631,228.631,228.631,228.631,239.023,223.435,176.669,76.2102,53.6936,128.172,168.009,13.8564,6.9282,3.4641,1.73205,1.73205,1.73205,1.73205,1.73205,1.73205,1.73205,235.559,235.559,233.827,230.363,214.774,168.009,67.55,53.6936,128.172,168.009,10.3923,3.4641,0,0,0,0,0,0,0,0,0,239.023,239.023,239.023,223.435,176.669,76.2102,53.6936,128.172,168.009,13.8564,6.9282,3.4641,1.73205,1.73205,1.73205,1.73205,1.73205,1.73205,1.73205,1.73205,1.73205,301.377,296.181,280.592,228.631,119.512,
145.492,235.559,287.52,308.305,316.965,239.023,3.4641,1.73205,1.73205,1.73205,1.73205,1.73205,1.73205,1.73205,230.363,242.487,239.023,223.435,176.669,76.2102,53.6936,128.172,168.009,185.329,178.401,0,0,0,0,0,171.473,228.631,228.631,228.631,235.559,242.487,239.023,223.435,176.669,76.2102,53.6936,128.172,168.009,185.329,180.133,3.4641,1.73205,1.73205,1.73205,1.73205,1.73205,176.669,235.559,235.559,235.559,233.827,230.363,214.774,168.009,67.55,62.3538,131.636,168.009,185.329,178.401,0,0,0,0,0,0,0,178.401,239.023,240.755,242.487,239.023,223.435,176.669,76.2102,53.6936,128.172,168.009,185.329,180.133,3.4641,1.73205,1.73205,1.73205,1.73205,1.73205,1.73205,1.73205,226.899,303.109,301.377,296.181,280.592,228.631,119.512,
145.492,235.559,287.52,308.305,316.965,320.429,3.4641,1.73205,1.73205,1.73205,1.73205,1.73205,1.73205,1.73205,244.219,242.487,239.023,223.435,176.669,76.2102,53.6936,128.172,168.009,185.329,192.258,0,0,0,0,0,228.631,228.631,228.631,228.631,242.487,242.487,239.023,223.435,176.669,76.2102,53.6936,128.172,168.009,185.329,192.258,3.4641,1.73205,1.73205,1.73205,1.73205,1.73205,235.559,235.559,235.559,235.559,233.827,230.363,214.774,168.009,67.55,62.3538,136.832,168.009,185.329,192.258,0,0,0,0,0,0,0,239.023,239.023,242.487,242.487,239.023,223.435,176.669,76.2102,53.6936,128.172,168.009,185.329,192.258,3.4641,1.73205,1.73205,1.73205,1.73205,1.73205,1.73205,1.73205,303.109,303.109,301.377,296.181,280.592,228.631,119.512,
145.492,235.559,287.52,308.305,316.965,320.429,322.161,1.73205,1.73205,1.73205,1.73205,1.73205,1.73205,244.219,244.219,242.487,239.023,223.435,176.669,76.2102,53.6936,128.172,168.009,185.329,192.258,195.722,0,0,0,228.631,228.631,228.631,228.631,242.487,242.487,242.487,239.023,223.435,176.669,76.2102,53.6936,128.172,168.009,185.329,192.258,195.722,1.73205,1.73205,1.73205,1.73205,235.559,235.559,235.559,235.559,235.559,233.827,230.363,214.774,168.009,67.55,62.3538,136.832,176.669,185.329,192.258,195.722,0,0,0,0,0,239.023,239.023,242.487,242.487,242.487,239.023,223.435,176.669,76.2102,53.6936,128.172,168.009,185.329,192.258,195.722,1.73205,1.73205,1.73205,1.73205,1.73205,1.73205,303.109,303.109,303.109,301.377,296.181,280.592,228.631,119.512,
140.296,228.631,278.86,301.377,310.037,313.501,315.233,10.3923,10.3923,8.66025,8.66025,8.66025,8.66025,237.291,235.559,235.559,230.363,216.506,169.741,74.4782,51.9615,122.976,161.081,178.401,185.329,187.061,6.9282,6.9282,6.9282,221.702,221.702,221.702,221.702,235.559,235.559,233.827,230.363,216.506,169.741,72.7461,51.9615,122.976,161.081,178.401,185.329,187.061,10.3923,10.3923,8.66025,8.66025,228.631,228.631,228.631,228.631,226.899,226.899,221.702,207.846,161.081,65.8179,60.6218,131.636,169.741,178.401,185.329,187.061,6.9282,6.9282,6.9282,6.9282,6.9282,232.095,232.095,235.559,235.559,233.827,230.363,216.506,169.741,72.7461,51.9615,122.976,161.081,178.401,185.329,187.061,10.3923,10.3923,8.66025,8.66025,8.66025,8.66025,296.181,296.181,294.449,292.717,289.252,273.664,221.702,114.315,
112.583,188.794,233.827,252.879,261.54,265.004,266.736,185.329,58.8897,57.1577,57.1577,57.1577,174.937,188.794,187.061,187.061,181.865,169.741,131.636,55.4256,41.5692,88.3346,117.779,129.904,136.832,138.564,126.44,55.4256,116.047,173.205,173.205,173.205,180.133,187.061,187.061,185.329,181.865,169.741,131.636,55.4256,41.5692,88.3346,117.779,129.904,136.832,138.564,128.172,58.8897,57.1577,121.244,180.133,180.133,180.133,180.133,178.401,178.401,173.205,161.081,122.976,46.7654,50.2295,96.9948,126.44,133.368,136.832,138.564,126.44,55.4256,55.4256,55.4256,122.976,183.597,185.329,187.061,187.061,185.329,181.865,169.741,131.636,55.4256,41.5692,88.3346,117.779,129.904,136.832,138.564,128.172,58.8897,57.1577,57.1577,57.1577,171.473,247.683,247.683,245.951,245.951,240.755,225.167,178.401,81.4064,
38.1051,81.4064,110.851,126.44,133.368,135.1,136.832,138.564,187.061,187.061,187.061,187.061,58.8897,58.8897,58.8897,57.1577,53.6936,45.0333,29.4449,8.66025,13.8564,1.73205,0,5.19615,8.66025,10.3923,10.3923,185.329,43.3013,43.3013,43.3013,43.3013,57.1577,57.1577,57.1577,57.1577,53.6936,45.0333,29.4449,8.66025,13.8564,1.73205,0,5.19615,8.66025,10.3923,10.3923,187.061,187.061,50.2295,50.2295,50.2295,50.2295,50.2295,50.2295,48.4974,45.0333,36.3731,20.7846,0,22.5167,10.3923,8.66025,13.8564,8.66025,10.3923,10.3923,185.329,185.329,185.329,53.6936,53.6936,57.1577,57.1577,57.1577,57.1577,53.6936,45.0333,29.4449,8.66025,13.8564,1.73205,0,5.19615,8.66025,10.3923,10.3923,187.061,187.061,187.061,187.061,117.779,117.779,117.779,117.779,116.047,110.851,98.7269,62.3538,6.9282,
69.282,41.5692,22.5167,12.1244,6.9282,5.19615,3.4641,25.9808,114.315,114.315,114.315,114.315,67.55,81.4064,83.1384,83.1384,84.8705,86.6025,67.55,8.66025,76.2102,114.315,129.904,131.636,131.636,129.904,116.047,116.047,45.0333,96.9948,96.9948,96.9948,90.0666,83.1384,83.1384,83.1384,86.6025,86.6025,67.55,8.66025,76.2102,112.583,128.172,131.636,131.636,129.904,114.315,112.583,114.315,38.1051,90.0666,90.0666,90.0666,90.0666,91.7987,91.7987,93.5307,95.2628,76.2102,17.3205,67.55,105.655,121.244,128.172,131.636,129.904,116.047,116.047,116.047,116.047,36.3731,86.6025,84.8705,83.1384,83.1384,83.1384,86.6025,86.6025,67.55,8.66025,76.2102,112.583,128.172,131.636,131.636,129.904,114.315,112.583,114.315,114.315,114.315,12.1244,22.5167,22.5167,24.2487,24.2487,27.7128,36.3731,55.4256,81.4064,
93.5307,77.9423,67.55,60.6218,57.1577,55.4256,55.4256,62.3538,62.3538,62.3538,62.3538,62.3538,62.3538,133.368,133.368,133.368,135.1,128.172,96.9948,17.3205,90.0666,143.76,171.473,178.401,180.133,180.133,65.8179,65.8179,65.8179,147.224,147.224,147.224,147.224,133.368,133.368,135.1,135.1,129.904,96.9948,17.3205,90.0666,143.76,169.741,178.401,180.133,180.133,62.3538,62.3538,62.3538,62.3538,142.028,142.028,142.028,142.028,142.028,142.028,143.76,136.832,105.655,25.9808,81.4064,135.1,162.813,178.401,180.133,180.133,65.8179,65.8179,65.8179,65.8179,65.8179,136.832,136.832,133.368,133.368,135.1,135.1,129.904,96.9948,17.3205,90.0666,143.76,169.741,178.401,180.133,180.133,62.3538,62.3538,62.3538,62.3538,62.3538,62.3538,74.4782,74.4782,74.4782,76.2102,77.9423,83.1384,93.5307,107.387,
105.655,98.7269,93.5307,90.0666,86.6025,84.8705,84.8705,31.1769,31.1769,31.1769,31.1769,31.1769,31.1769,164.545,164.545,164.545,162.813,152.42,112.583,22.5167,96.9948,161.081,193.99,206.114,209.578,211.31,34.641,34.641,34.641,178.401,178.401,178.401,178.401,164.545,164.545,164.545,162.813,154.153,114.315,22.5167,96.9948,161.081,193.99,206.114,209.578,211.31,31.1769,31.1769,31.1769,31.1769,173.205,173.205,173.205,173.205,173.205,173.205,171.473,161.081,121.244,31.1769,88.3346,152.42,185.329,206.114,209.578,211.31,34.641,34.641,34.641,34.641,34.641,168.009,168.009,164.545,164.545,164.545,162.813,154.153,114.315,22.5167,96.9948,161.081,193.99,206.114,209.578,211.31,31.1769,31.1769,31.1769,31.1769,31.1769,31.1769,105.655,105.655,105.655,105.655,107.387,110.851,116.047,122.976,
112.583,109.119,105.655,103.923,102.191,100.459,15.5885,15.5885,15.5885,15.5885,15.5885,15.5885,15.5885,15.5885,180.133,180.133,176.669,164.545,121.244,25.9808,98.7269,168.009,204.382,219.97,225.167,19.0526,19.0526,19.0526,19.0526,19.0526,193.99,193.99,193.99,193.99,180.133,180.133,176.669,164.545,121.244,25.9808,98.7269,168.009,204.382,218.238,223.435,17.3205,15.5885,15.5885,15.5885,15.5885,15.5885,188.794,188.794,188.794,188.794,188.794,185.329,173.205,129.904,34.641,90.0666,159.349,204.382,219.97,225.167,19.0526,19.0526,19.0526,19.0526,19.0526,19.0526,19.0526,183.597,183.597,180.133,180.133,176.669,164.545,121.244,25.9808,98.7269,168.009,204.382,218.238,223.435,17.3205,15.5885,15.5885,15.5885,15.5885,15.5885,15.5885,15.5885,121.244,121.244,121.244,122.976,124.708,126.44,129.904,
114.315,112.583,110.851,110.851,109.119,79.6743,6.9282,6.9282,6.9282,6.9282,6.9282,6.9282,6.9282,6.9282,174.937,187.061,183.597,171.473,124.708,27.7128,100.459,171.473,209.578,225.167,218.238,12.1244,10.3923,10.3923,10.3923,10.3923,150.688,202.65,202.65,202.65,195.722,187.061,183.597,171.473,126.44,27.7128,100.459,171.473,209.578,225.167,216.506,8.66025,8.66025,6.9282,6.9282,6.9282,6.9282,145.492,197.454,197.454,197.454,195.722,192.258,180.133,133.368,36.3731,91.7987,168.009,209.578,225.167,218.238,12.1244,10.3923,10.3923,10.3923,10.3923,10.3923,10.3923,142.028,192.258,190.526,187.061,183.597,171.473,126.44,27.7128,100.459,171.473,209.578,225.167,216.506,8.66025,8.66025,6.9282,6.9282,6.9282,6.9282,6.9282,6.9282,95.2628,129.904,129.904,129.904,131.636,133.368,135.1,
116.047,116.047,114.315,114.315,1.73205,3.4641,3.4641,3.4641,3.4641,3.4641,3.4641,3.4641,3.4641,3.4641,3.4641,5.19615,187.061,173.205,128.172,29.4449,100.459,173.205,213.042,17.3205,10.3923,8.66025,6.9282,6.9282,6.9282,6.9282,6.9282,6.9282,206.114,206.114,206.114,206.114,188.794,174.937,128.172,29.4449,100.459,173.205,213.042,13.8564,6.9282,5.19615,3.4641,3.4641,3.4641,3.4641,3.4641,3.4641,3.4641,200.918,200.918,199.186,195.722,181.865,136.832,38.1051,100.459,173.205,213.042,17.3205,10.3923,8.66025,6.9282,6.9282,6.9282,6.9282,6.9282,6.9282,6.9282,6.9282,195.722,195.722,188.794,174.937,128.172,29.4449,100.459,173.205,213.042,13.8564,6.9282,5.19615,3.4641,3.4641,3.4641,3.4641,3.4641,3.4641,3.4641,3.4641,3.4641,133.368,133.368,135.1,135.1,136.832,
116.047,86.6025,0,0,0,0,0,0,0,0,0,0,0,1.73205,1.73205,1.73205,6.9282,20.7846,114.315,29.4449,86.6025,72.7461,31.1769,15.5885,8.66025,5.19615,5.19615,5.19615,3.4641,3.4641,3.4641,3.4641,3.4641,3.4641,155.885,207.846,152.42,22.5167,117.779,29.4449,84.8705,69.282,29.4449,12.1244,5.19615,3.4641,1.73205,1.73205,1.73205,1.73205,1.73205,1.73205,1.73205,1.73205,1.73205,150.688,197.454,131.636,114.315,29.4449,86.6025,72.7461,31.1769,15.5885,8.66025,5.19615,5.19615,5.19615,3.4641,3.4641,3.4641,3.4641,3.4641,3.4641,5.19615,5.19615,143.76,180.133,128.172,29.4449,84.8705,69.282,29.4449,12.1244,5.19615,3.4641,1.73205,1.73205,1.73205,1.73205,1.73205,1.73205,1.73205,1.73205,1.73205,1.73205,0,102.191,136.832,102.191,
0,0,0,0,0,0,0,0,0,0,0,0,0,0,0,1.73205,5.19615,19.0526,65.8179,166.277,145.492,71.0141,31.1769,13.8564,6.9282,5.19615,3.4641,3.4641,3.4641,3.4641,3.4641,3.4641,3.4641,3.4641,3.4641,5.19615,8.66025,22.5167,69.282,169.741,142.028,67.55,27.7128,10.3923,5.19615,1.73205,0,0,0,0,0,0,0,0,0,1.73205,5.19615,19.0526,65.8179,166.277,145.492,71.0141,31.1769,13.8564,6.9282,5.19615,3.4641,3.4641,3.4641,3.4641,3.4641,3.4641,3.4641,3.4641,3.4641,5.19615,8.66025,22.5167,69.282,169.741,142.028,67.55,27.7128,10.3923,5.19615,1.73205,0,0,0,0,0,0,0,0,0,0,0,0,0,0,
0,0,0,0,0,0,0,0,0,0,0,0,0,0,0,1.73205,5.19615,19.0526,65.8179,166.277,145.492,71.0141,31.1769,13.8564,6.9282,3.4641,3.4641,3.4641,1.73205,1.73205,1.73205,1.73205,1.73205,1.73205,3.4641,3.4641,6.9282,22.5167,69.282,169.741,142.028,67.55,27.7128,10.3923,3.4641,1.73205,0,0,0,0,0,0,0,0,0,1.73205,5.19615,19.0526,65.8179,166.277,145.492,71.0141,31.1769,13.8564,6.9282,3.4641,3.4641,3.4641,1.73205,1.73205,1.73205,1.73205,1.73205,1.73205,3.4641,3.4641,6.9282,22.5167,69.282,169.741,142.028,67.55,27.7128,10.3923,3.4641,1.73205,0,0,0,0,0,0,0,0,0,0,0,0,0,0,
0,0,0,0,0,0,0,0,0,0,0,0,0,0,0,0,5.19615,19.0526,65.8179,166.277,145.492,71.0141,31.1769,13.8564,6.9282,3.4641,3.4641,1.73205,1.73205,1.73205,1.73205,1.73205,1.73205,1.73205,1.73205,3.4641,6.9282,22.5167,69.282,169.741,142.028,67.55,27.7128,10.3923,3.4641,0,0,0,0,0,0,0,0,0,0,0,5.19615,19.0526,65.8179,166.277,145.492,71.0141,31.1769,13.8564,6.9282,3.4641,3.4641,1.73205,1.73205,1.73205,1.73205,1.73205,1.73205,1.73205,1.73205,3.4641,6.9282,22.5167,69.282,169.741,142.028,67.55,27.7128,10.3923,3.4641,0,0,0,0,0,0,0,0,0,0,0,0,0,0,0,
0,0,0,0,0,0,0,0,0,0,0,0,0,0,0,0,3.4641,19.0526,83.1384,32.909,39.8372,62.3538,36.3731,13.8564,6.9282,3.4641,1.73205,1.73205,1.73205,1.73205,1.73205,1.73205,1.73205,1.73205,1.73205,3.4641,6.9282,22.5167,83.1384,32.909,36.3731,19.0526,71.0141,38.1051,3.4641,0,0,0,0,0,0,0,0,0,0,0,3.4641,19.0526,83.1384,32.909,36.3731,71.0141,31.1769,13.8564,6.9282,3.4641,1.73205,1.73205,1.73205,1.73205,1.73205,1.73205,1.73205,1.73205,1.73205,3.4641,45.0333,79.6743,58.8897,32.909,36.3731,67.55,27.7128,20.7846,60.6218,31.1769,0,0,0,0,0,0,0,0,0,0,0,0,0,0,
0,0,0,0,0,0,0,0,0,0,0,0,0,0,0,0,195.722,180.133,133.368,32.909,96.9948,171.473,211.31,119.512,126.44,3.4641,1.73205,1.73205,1.73205,1.73205,1.73205,1.73205,1.73205,1.73205,1.73205,3.4641,195.722,180.133,133.368,173.205,43.3013,31.1769,71.0141,88.3346,95.2628,98.7269,0,0,0,0,0,0,0,0,0,0,195.722,180.133,133.368,32.909,96.9948,171.473,211.31,13.8564,6.9282,3.4641,1.73205,1.73205,1.73205,1.73205,1.73205,1.73205,1.73205,1.73205,100.459,98.7269,95.2628,79.6743,32.909,67.55,197.454,171.473,211.31,53.6936,60.6218,64.0859,64.0859,64.0859,0,0,0,0,0,0,0,0,0,0,0,0,
0,0,0,0,0,0,0,0,0,0,0,0,0,0,148.956,199.186,195.722,180.133,154.153,76.2102,76.2102,171.473,211.31,228.631,181.865,129.904,65.8179,1.73205,1.73205,1.73205,1.73205,1.73205,1.73205,1.73205,211.31,228.631,218.238,251.147,225.167,76.2102,5.19615,31.1769,71.0141,88.3346,95.2628,98.7269,98.7269,48.4974,0,0,0,0,0,0,148.956,199.186,195.722,180.133,164.545,76.2102,65.8179,171.473,211.31,228.631,174.937,3.4641,1.73205,1.73205,1.73205,1.73205,1.73205,1.73205,50.2295,100.459,100.459,98.7269,95.2628,79.6743,32.909,67.55,197.454,271.932,261.54,228.631,147.224,64.0859,64.0859,64.0859,64.0859,31.1769,0,0,0,0,0,0,0,0,0,0,
185.329,138.564,0,0,0,0,0,0,0,0,0,0,0,0,199.186,199.186,239.023,223.435,176.669,76.2102,53.6936,128.172,168.009,228.631,235.559,129.904,131.636,1.73205,1.73205,1.73205,1.73205,1.73205,230.363,230.363,230.363,228.631,239.023,223.435,176.669,76.2102,53.6936,128.172,168.009,88.3346,95.2628,98.7269,98.7269,98.7269,0,0,0,0,0,233.827,199.186,199.186,239.023,223.435,176.669,76.2102,53.6936,128.172,168.009,228.631,235.559,3.4641,1.73205,1.73205,1.73205,1.73205,1.73205,1.73205,100.459,100.459,100.459,98.7269,95.2628,79.6743,32.909,67.55,197.454,271.932,311.769,228.631,235.559,64.0859,64.0859,64.0859,64.0859,64.0859,0,0,0,0,0,0,0,0,0,0,
185.329,185.329,185.329,185.329,0,0,0,0,0,0,0,0,0,199.186,219.97,242.487,239.023,223.435,176.669,76.2102,53.6936,128.172,168.009,185.329,214.774,239.023,131.636,131.636,1.73205,1.73205,173.205,230.363,230.363,230.363,244.219,242.487,239.023,223.435,176.669,76.2102,53.6936,128.172,168.009,185.329,143.76,98.7269,98.7269,98.7269,98.7269,0,0,174.937,233.827,199.186,230.363,242.487,239.023,223.435,176.669,76.2102,53.6936,128.172,168.009,185.329,204.382,239.023,1.73205,1.73205,1.73205,1.73205,1.73205,100.459,100.459,100.459,100.459,98.7269,95.2628,79.6743,32.909,67.55,197.454,271.932,311.769,329.09,202.65,239.023,64.0859,64.0859,64.0859,64.0859,64.0859,0,0,0,0,0,0,0,0,0,
185.329,185.329,185.329,185.329,185.329,138.564,0,0,0,0,0,0,0,199.186,242.487,242.487,239.023,223.435,176.669,76.2102,53.6936,128.172,168.009,185.329,192.258,239.023,131.636,131.636,1.73205,1.73205,230.363,230.363,230.363,230.363,244.219,242.487,239.023,223.435,176.669,76.2102,53.6936,128.172,168.009,185.329,192.258,98.7269,98.7269,98.7269,98.7269,0,0,233.827,233.827,199.186,242.487,242.487,239.023,223.435,176.669,76.2102,53.6936,128.172,168.009,185.329,192.258,239.023,1.73205,1.73205,1.73205,1.73205,1.73205,100.459,100.459,100.459,100.459,98.7269,95.2628,79.6743,32.909,67.55,197.454,271.932,311.769,329.09,192.258,239.023,64.0859,64.0859,64.0859,64.0859,64.0859,0,0,0,0,0,0,0,0,0,
185.329,185.329,185.329,185.329,185.329,185.329,0,0,0,0,0,0,148.956,242.487,242.487,242.487,239.023,223.435,176.669,76.2102,53.6936,128.172,168.009,185.329,192.258,195.722,187.061,131.636,65.8179,230.363,230.363,230.363,230.363,244.219,244.219,242.487,239.023,223.435,176.669,76.2102,53.6936,128.172,168.009,185.329,192.258,195.722,98.7269,98.7269,98.7269,48.4974,233.827,233.827,207.846,242.487,242.487,242.487,239.023,223.435,176.669,76.2102,53.6936,128.172,168.009,185.329,192.258,195.722,180.133,1.73205,1.73205,1.73205,50.2295,100.459,100.459,100.459,100.459,98.7269,95.2628,79.6743,32.909,67.55,197.454,271.932,311.769,329.09,263.272,195.722,150.688,64.0859,64.0859,64.0859,64.0859,31.1769,0,0,0,0,0,0,0,0,
181.865,180.133,178.401,178.401,178.401,178.401,178.401,6.9282,6.9282,6.9282,6.9282,6.9282,192.258,235.559,235.559,233.827,230.363,216.506,169.741,72.7461,116.047,251.147,225.167,178.401,185.329,187.061,232.095,122.976,124.708,223.435,223.435,223.435,223.435,237.291,235.559,235.559,230.363,216.506,169.741,74.4782,51.9615,122.976,161.081,178.401,185.329,187.061,91.7987,91.7987,91.7987,91.7987,226.899,226.899,192.258,235.559,235.559,233.827,230.363,216.506,169.741,72.7461,51.9615,122.976,161.081,178.401,185.329,187.061,232.095,10.3923,8.66025,8.66025,93.5307,93.5307,93.5307,93.5307,91.7987,91.7987,86.6025,72.7461,25.9808,69.282,195.722,266.736,304.841,322.161,329.09,187.061,232.095,57.1577,57.1577,57.1577,57.1577,57.1577,6.9282,6.9282,6.9282,6.9282,6.9282,6.9282,5.19615,3.4641,
154.153,140.296,133.368,131.636,129.904,129.904,129.904,55.4256,55.4256,55.4256,55.4256,55.4256,169.741,187.061,187.061,185.329,181.865,169.741,3.4641,72.7461,169.741,216.506,245.951,258.076,265.004,138.564,147.224,74.4782,96.9948,174.937,174.937,174.937,188.794,188.794,187.061,187.061,181.865,169.741,131.636,55.4256,41.5692,88.3346,117.779,129.904,136.832,138.564,91.7987,43.3013,43.3013,81.4064,178.401,178.401,180.133,187.061,187.061,185.329,181.865,169.741,131.636,55.4256,41.5692,88.3346,117.779,129.904,136.832,138.564,143.76,58.8897,57.1577,57.1577,84.8705,45.0333,45.0333,45.0333,43.3013,43.3013,38.1051,25.9808,12.1244,88.3346,185.329,232.095,261.54,273.664,207.846,138.564,128.172,8.66025,8.66025,8.66025,8.66025,62.3538,55.4256,55.4256,55.4256,55.4256,55.4256,53.6936,48.4974,36.3731,
79.6743,32.909,10.3923,3.4641,1.73205,1.73205,1.73205,45.0333,183.597,183.597,183.597,183.597,58.8897,58.8897,57.1577,57.1577,10.3923,83.1384,98.7269,119.512,142.028,129.904,128.172,133.368,136.832,138.564,74.4782,53.6936,45.0333,45.0333,45.0333,45.0333,58.8897,58.8897,58.8897,57.1577,53.6936,45.0333,29.4449,8.66025,13.8564,1.73205,0,5.19615,8.66025,10.3923,10.3923,86.6025,86.6025,48.4974,48.4974,48.4974,57.1577,57.1577,57.1577,57.1577,53.6936,45.0333,29.4449,8.66025,13.8564,1.73205,0,5.19615,8.66025,10.3923,10.3923,187.061,187.061,187.061,55.4256,84.8705,84.8705,84.8705,84.8705,86.6025,90.0666,98.7269,114.315,135.1,157.617,145.492,143.76,148.956,8.66025,10.3923,10.3923,121.244,121.244,121.244,121.244,43.3013,185.329,185.329,185.329,183.597,183.597,180.133,164.545,124.708,
27.7128,90.0666,122.976,135.1,138.564,138.564,138.564,138.564,117.779,117.779,117.779,117.779,69.282,83.1384,83.1384,83.1384,214.774,214.774,195.722,136.832,51.9615,15.5885,0,3.4641,3.4641,1.73205,1.73205,195.722,41.5692,95.2628,95.2628,95.2628,81.4064,81.4064,83.1384,83.1384,84.8705,86.6025,67.55,8.66025,76.2102,114.315,129.904,131.636,131.636,129.904,178.401,226.899,226.899,39.8372,91.7987,91.7987,84.8705,83.1384,83.1384,83.1384,86.6025,86.6025,67.55,8.66025,76.2102,112.583,128.172,131.636,131.636,129.904,114.315,112.583,114.315,114.315,34.641,225.167,225.167,225.167,226.899,226.899,228.631,230.363,211.31,152.42,67.55,29.4449,13.8564,12.1244,131.636,129.904,162.813,261.54,261.54,261.54,261.54,45.0333,116.047,116.047,116.047,116.047,117.779,124.708,159.349,242.487,
51.9615,126.44,168.009,183.597,188.794,190.526,190.526,126.44,65.8179,65.8179,65.8179,65.8179,65.8179,133.368,133.368,263.272,263.272,258.076,225.167,145.492,38.1051,15.5885,41.5692,50.2295,51.9615,51.9615,51.9615,51.9615,62.3538,147.224,147.224,147.224,147.224,133.368,133.368,133.368,135.1,128.172,96.9948,17.3205,90.0666,143.76,171.473,178.401,180.133,180.133,277.128,277.128,65.8179,65.8179,142.028,142.028,142.028,133.368,133.368,135.1,135.1,129.904,96.9948,17.3205,90.0666,143.76,169.741,178.401,180.133,180.133,62.3538,62.3538,62.3538,62.3538,62.3538,136.832,277.128,277.128,277.128,277.128,278.86,271.932,240.755,161.081,53.6936,0,27.7128,178.401,180.133,180.133,311.769,311.769,311.769,311.769,147.224,65.8179,65.8179,65.8179,65.8179,65.8179,67.55,77.9423,121.244,216.506,
64.0859,147.224,193.99,211.31,218.238,219.97,221.702,34.641,34.641,34.641,34.641,34.641,34.641,164.545,164.545,292.717,290.985,282.324,242.487,150.688,31.1769,32.909,65.8179,77.9423,81.4064,83.1384,83.1384,83.1384,31.1769,178.401,178.401,178.401,178.401,164.545,164.545,164.545,162.813,152.42,112.583,22.5167,96.9948,161.081,193.99,206.114,209.578,211.31,308.305,136.832,34.641,34.641,173.205,173.205,173.205,164.545,164.545,164.545,162.813,154.153,114.315,22.5167,96.9948,161.081,193.99,206.114,209.578,211.31,31.1769,31.1769,31.1769,31.1769,31.1769,168.009,237.291,308.305,308.305,308.305,306.573,296.181,256.344,166.277,46.7654,17.3205,122.976,206.114,209.578,211.31,342.946,342.946,342.946,261.54,178.401,34.641,34.641,34.641,34.641,36.3731,38.1051,51.9615,98.7269,200.918,
71.0141,157.617,206.114,225.167,232.095,235.559,237.291,19.0526,19.0526,19.0526,19.0526,19.0526,19.0526,19.0526,244.219,308.305,304.841,292.717,249.415,154.153,29.4449,39.8372,76.2102,90.0666,95.2628,96.9948,98.7269,98.7269,41.5692,15.5885,193.99,193.99,193.99,193.99,180.133,180.133,176.669,164.545,121.244,25.9808,98.7269,168.009,204.382,219.97,225.167,323.893,19.0526,19.0526,19.0526,19.0526,19.0526,188.794,188.794,188.794,180.133,180.133,176.669,164.545,121.244,25.9808,98.7269,168.009,204.382,218.238,223.435,17.3205,15.5885,15.5885,15.5885,15.5885,20.7846,57.1577,183.597,183.597,323.893,323.893,320.429,308.305,265.004,169.741,45.0333,168.009,204.382,219.97,225.167,358.535,358.535,358.535,193.99,193.99,19.0526,19.0526,19.0526,19.0526,19.0526,20.7846,24.2487,38.1051,88.3346,193.99,
72.7461,161.081,211.31,232.095,240.755,244.219,12.1244,10.3923,10.3923,10.3923,10.3923,10.3923,10.3923,10.3923,316.965,315.233,311.769,299.645,254.611,155.885,27.7128,43.3013,81.4064,96.9948,103.923,105.655,105.655,107.387,107.387,6.9282,148.956,202.65,202.65,202.65,188.794,187.061,183.597,171.473,124.708,27.7128,100.459,171.473,209.578,225.167,218.238,12.1244,10.3923,10.3923,10.3923,10.3923,10.3923,145.492,197.454,197.454,190.526,187.061,183.597,171.473,126.44,27.7128,100.459,171.473,209.578,225.167,216.506,8.66025,8.66025,6.9282,6.9282,6.9282,65.8179,65.8179,128.172,192.258,188.794,187.061,254.611,315.233,195.722,27.7128,100.459,171.473,209.578,225.167,265.004,284.056,202.65,202.65,202.65,150.688,10.3923,10.3923,10.3923,10.3923,10.3923,12.1244,15.5885,31.1769,83.1384,190.526,
74.4782,164.545,214.774,235.559,244.219,183.597,6.9282,6.9282,6.9282,6.9282,6.9282,6.9282,6.9282,6.9282,157.617,320.429,316.965,303.109,256.344,157.617,27.7128,45.0333,84.8705,100.459,107.387,109.119,110.851,110.851,53.6936,3.4641,3.4641,3.4641,206.114,206.114,206.114,204.382,187.061,173.205,128.172,29.4449,100.459,173.205,213.042,17.3205,10.3923,8.66025,6.9282,6.9282,6.9282,6.9282,6.9282,6.9282,6.9282,200.918,200.918,200.918,188.794,174.937,128.172,29.4449,100.459,173.205,213.042,13.8564,6.9282,5.19615,3.4641,3.4641,3.4641,3.4641,32.909,69.282,69.282,69.282,195.722,193.99,187.061,173.205,128.172,29.4449,100.459,173.205,213.042,195.722,202.65,204.382,206.114,206.114,6.9282,6.9282,6.9282,6.9282,6.9282,6.9282,6.9282,8.66025,12.1244,27.7128,79.6743,188.794,
74.4782,164.545,216.506,237.291,10.3923,6.9282,5.19615,5.19615,5.19615,3.4641,3.4641,3.4641,3.4641,3.4641,5.19615,322.161,318.697,304.841,258.076,157.617,27.7128,45.0333,84.8705,102.191,109.119,110.851,112.583,112.583,1.73205,1.73205,1.73205,1.73205,1.73205,1.73205,154.153,207.846,148.956,20.7846,114.315,29.4449,86.6025,72.7461,31.1769,15.5885,8.66025,5.19615,5.19615,5.19615,3.4641,3.4641,3.4641,3.4641,3.4641,3.4641,5.19615,150.688,199.186,133.368,117.779,29.4449,84.8705,69.282,29.4449,12.1244,5.19615,3.4641,1.73205,1.73205,1.73205,1.73205,1.73205,71.0141,71.0141,71.0141,71.0141,71.0141,128.172,178.401,112.583,29.4449,131.636,296.181,337.75,275.396,204.382,155.885,5.19615,5.19615,3.4641,3.4641,3.4641,3.4641,3.4641,3.4641,5.19615,5.19615,10.3923,25.9808,77.9423,187.061,
74.4782,100.459,39.8372,17.3205,8.66025,5.19615,3.4641,3.4641,3.4641,3.4641,3.4641,3.4641,3.4641,3.4641,3.4641,322.161,318.697,304.841,258.076,157.617,27.7128,46.7654,86.6025,103.923,109.119,112.583,114.315,114.315,0,0,0,0,0,0,0,1.73205,5.19615,19.0526,65.8179,166.277,145.492,71.0141,31.1769,13.8564,6.9282,5.19615,3.4641,3.4641,3.4641,3.4641,3.4641,3.4641,3.4641,3.4641,3.4641,5.19615,8.66025,22.5167,69.282,169.741,142.028,67.55,27.7128,10.3923,5.19615,1.73205,0,0,0,0,0,72.7461,72.7461,72.7461,72.7461,71.0141,67.55,53.6936,6.9282,93.5307,223.435,297.913,337.75,355.07,6.9282,5.19615,3.4641,3.4641,3.4641,3.4641,3.4641,3.4641,3.4641,3.4641,3.4641,5.19615,8.66025,24.2487,77.9423,187.061,
181.865,90.0666,39.8372,17.3205,8.66025,5.19615,3.4641,3.4641,3.4641,1.73205,1.73205,1.73205,1.73205,1.73205,3.4641,3.4641,320.429,304.841,258.076,157.617,27.7128,46.7654,86.6025,103.923,110.851,112.583,114.315,0,0,0,0,0,0,0,0,1.73205,5.19615,19.0526,65.8179,166.277,145.492,71.0141,31.1769,13.8564,6.9282,3.4641,3.4641,3.4641,1.73205,1.73205,1.73205,1.73205,1.73205,1.73205,3.4641,3.4641,6.9282,22.5167,69.282,169.741,142.028,67.55,27.7128,10.3923,3.4641,1.73205,0,0,0,0,0,0,72.7461,72.7461,72.7461,71.0141,67.55,53.6936,6.9282,93.5307,223.435,297.913,337.75,13.8564,6.9282,3.4641,3.4641,3.4641,1.73205,1.73205,1.73205,1.73205,1.73205,1.73205,3.4641,3.4641,8.66025,24.2487,76.2102,187.061,
180.133,90.0666,38.1051,17.3205,8.66025,5.19615,3.4641,1.73205,1.73205,1.73205,1.73205,1.73205,1.73205,1.73205,1.73205,3.4641,157.617,304.841,258.076,157.617,27.7128,46.7654,86.6025,103.923,110.851,114.315,57.1577,0,0,0,0,0,0,0,0,0,5.19615,19.0526,65.8179,166.277,145.492,71.0141,31.1769,13.8564,6.9282,3.4641,3.4641,1.73205,1.73205,1.73205,1.73205,1.73205,1.73205,1.73205,1.73205,3.4641,6.9282,22.5167,69.282,169.741,142.028,67.55,27.7128,10.3923,3.4641,0,0,0,0,0,0,0,36.3731,72.7461,72.7461,72.7461,67.55,53.6936,6.9282,93.5307,223.435,297.913,154.153,13.8564,6.9282,3.4641,3.4641,1.73205,1.73205,1.73205,1.73205,1.73205,1.73205,1.73205,1.73205,3.4641,8.66025,24.2487,76.2102,185.329,
180.133,90.0666,38.1051,17.3205,8.66025,5.19615,3.4641,1.73205,1.73205,1.73205,1.73205,1.73205,1.73205,1.73205,1.73205,3.4641,6.9282,22.5167,258.076,157.617,27.7128,46.7654,86.6025,103.923,110.851,0,0,0,0,0,0,0,0,0,0,0,3.4641,19.0526,65.8179,166.277,145.492,71.0141,31.1769,13.8564,6.9282,3.4641,1.73205,1.73205,1.73205,1.73205,1.73205,1.73205,1.73205,1.73205,1.73205,3.4641,6.9282,22.5167,69.282,169.741,142.028,67.55,27.7128,10.3923,3.4641,0,0,0,0,0,0,0,0,0,72.7461,72.7461,69.282,53.6936,6.9282,93.5307,223.435,71.0141,31.1769,13.8564,6.9282,3.4641,1.73205,1.73205,1.73205,1.73205,1.73205,1.73205,1.73205,1.73205,1.73205,3.4641,8.66025,24.2487,76.2102,185.329,
90.0666,45.0333,38.1051,17.3205,8.66025,5.19615,3.4641,1.73205,1.73205,1.73205,1.73205,1.73205,1.73205,1.73205,1.73205,3.4641,6.9282,22.5167,128.172,91.7987,17.3205,46.7654,29.4449,10.3923,3.4641,0,0,0,0,0,0,0,0,0,0,0,3.4641,19.0526,65.8179,12.1244,90.0666,117.779,135.1,69.282,6.9282,3.4641,1.73205,1.73205,1.73205,1.73205,1.73205,1.73205,1.73205,1.73205,1.73205,3.4641,6.9282,22.5167,128.172,91.7987,6.9282,67.55,27.7128,10.3923,3.4641,0,0,0,0,0,0,0,0,0,0,0,32.909,53.6936,29.4449,12.1244,90.0666,105.655,31.1769,13.8564,6.9282,3.4641,1.73205,1.73205,1.73205,1.73205,1.73205,1.73205,1.73205,1.73205,1.73205,3.4641,8.66025,86.6025,145.492,74.4782,
90.0666,180.133,232.095,252.879,8.66025,5.19615,3.4641,1.73205,1.73205,1.73205,1.73205,1.73205,1.73205,1.73205,1.73205,3.4641,254.611,239.023,192.258,91.7987,38.1051,112.583,152.42,10.3923,3.4641,0,0,0,0,0,0,0,0,0,0,0,3.4641,187.061,140.296,39.8372,90.0666,164.545,204.382,221.702,159.349,162.813,1.73205,1.73205,1.73205,1.73205,1.73205,1.73205,1.73205,1.73205,1.73205,3.4641,254.611,239.023,192.258,91.7987,38.1051,112.583,152.42,10.3923,3.4641,0,0,0,0,0,0,0,0,0,0,0,3.4641,187.061,140.296,39.8372,90.0666,164.545,204.382,221.702,6.9282,3.4641,1.73205,1.73205,1.73205,1.73205,1.73205,1.73205,1.73205,1.73205,1.73205,218.238,213.042,197.454,145.492,36.3731,
90.0666,180.133,232.095,252.879,261.54,129.904,3.4641,1.73205,1.73205,1.73205,1.73205,1.73205,1.73205,1.73205,195.722,258.076,254.611,239.023,192.258,91.7987,38.1051,112.583,152.42,169.741,131.636,0,0,0,0,0,0,0,0,0,0,154.153,202.65,187.061,140.296,39.8372,90.0666,164.545,204.382,221.702,228.631,197.454,164.545,81.4064,1.73205,1.73205,1.73205,1.73205,1.73205,1.73205,195.722,258.076,254.611,239.023,192.258,91.7987,38.1051,112.583,152.42,169.741,131.636,0,0,0,0,0,0,0,0,0,0,154.153,202.65,187.061,140.296,39.8372,90.0666,164.545,204.382,221.702,228.631,173.205,1.73205,1.73205,1.73205,1.73205,1.73205,1.73205,1.73205,109.119,219.97,218.238,213.042,197.454,145.492,36.3731,
90.0666,180.133,232.095,252.879,261.54,265.004,3.4641,1.73205,1.73205,1.73205,1.73205,1.73205,1.73205,1.73205,259.808,258.076,254.611,239.023,192.258,91.7987,38.1051,112.583,152.42,169.741,176.669,0,0,0,0,0,0,0,0,0,0,206.114,202.65,187.061,140.296,39.8372,90.0666,164.545,204.382,221.702,228.631,232.095,164.545,164.545,1.73205,1.73205,1.73205,1.73205,1.73205,1.73205,259.808,258.076,254.611,239.023,192.258,91.7987,38.1051,112.583,152.42,169.741,176.669,0,0,0,0,0,0,0,0,0,0,206.114,202.65,187.061,140.296,39.8372,90.0666,164.545,204.382,221.702,228.631,232.095,1.73205,1.73205,1.73205,1.73205,1.73205,1.73205,1.73205,219.97,219.97,218.238,213.042,197.454,145.492,36.3731,
90.0666,180.133,232.095,252.879,261.54,265.004,266.736,1.73205,1.73205,1.73205,1.73205,1.73205,1.73205,259.808,259.808,258.076,254.611,239.023,192.258,91.7987,38.1051,112.583,152.42,169.741,176.669,180.133,0,0,0,0,0,0,0,0,206.114,206.114,202.65,187.061,140.296,39.8372,90.0666,164.545,204.382,221.702,228.631,232.095,233.827,164.545,164.545,1.73205,1.73205,1.73205,1.73205,259.808,259.808,258.076,254.611,239.023,192.258,91.7987,38.1051,112.583,152.42,169.741,176.669,180.133,0,0,0,0,0,0,0,0,206.114,206.114,202.65,187.061,140.296,39.8372,90.0666,164.545,204.382,221.702,228.631,232.095,233.827,1.73205,1.73205,1.73205,1.73205,1.73205,219.97,219.97,219.97,218.238,213.042,197.454,145.492,36.3731,
90.0666,180.133,232.095,252.879,261.54,265.004,266.736,1.73205,1.73205,1.73205,1.73205,1.73205,1.73205,259.808,259.808,258.076,254.611,239.023,192.258,91.7987,38.1051,112.583,152.42,169.741,176.669,180.133,0,0,0,0,0,0,0,0,206.114,206.114,202.65,187.061,140.296,39.8372,90.0666,164.545,204.382,221.702,228.631,232.095,233.827,164.545,164.545,1.73205,1.73205,1.73205,1.73205,259.808,259.808,258.076,254.611,239.023,192.258,91.7987,38.1051,112.583,152.42,169.741,176.669,180.133,0,0,0,0,0,0,0,0,206.114,206.114,202.65,187.061,140.296,39.8372,90.0666,164.545,204.382,221.702,228.631,232.095,233.827,1.73205,1.73205,1.73205,1.73205,1.73205,219.97,219.97,219.97,218.238,213.042,197.454,145.492,36.3731,
84.8705,173.205,223.435,245.951,254.611,258.076,259.808,124.708,10.3923,8.66025,8.66025,8.66025,188.794,252.879,251.147,251.147,245.951,232.095,185.329,86.6025,41.5692,112.583,152.42,169.741,176.669,180.133,135.1,0,0,0,0,0,0,154.153,206.114,206.114,202.65,187.061,140.296,43.3013,84.8705,157.617,197.454,214.774,221.702,223.435,225.167,190.526,157.617,74.4782,8.66025,8.66025,188.794,252.879,251.147,251.147,245.951,232.095,185.329,86.6025,41.5692,112.583,152.42,169.741,176.669,180.133,135.1,0,0,0,0,0,0,154.153,206.114,206.114,202.65,187.061,140.296,43.3013,84.8705,157.617,197.454,214.774,221.702,223.435,225.167,166.277,8.66025,8.66025,8.66025,102.191,213.042,213.042,211.31,209.578,206.114,190.526,138.564,31.1769,
57.1577,133.368,178.401,197.454,206.114,209.578,211.31,211.31,58.8897,57.1577,57.1577,57.1577,204.382,204.382,202.65,202.65,197.454,183.597,142.028,53.6936,60.6218,121.244,155.885,169.741,176.669,180.133,180.133,0,0,0,0,0,0,206.114,206.114,206.114,202.65,188.794,145.492,57.1577,55.4256,116.047,150.688,166.277,173.205,174.937,176.669,176.669,109.119,109.119,57.1577,57.1577,204.382,204.382,202.65,202.65,197.454,183.597,142.028,53.6936,60.6218,121.244,155.885,169.741,176.669,180.133,180.133,0,0,0,0,0,0,206.114,206.114,206.114,202.65,188.794,145.492,57.1577,55.4256,116.047,150.688,166.277,173.205,174.937,176.669,176.669,57.1577,57.1577,57.1577,164.545,164.545,164.545,162.813,162.813,157.617,142.028,95.2628,1.73205,
17.3205,25.9808,55.4256,71.0141,77.9423,79.6743,81.4064,51.9615,187.061,187.061,187.061,187.061,10.3923,74.4782,74.4782,72.7461,69.282,57.1577,25.9808,34.641,110.851,142.028,161.081,171.473,176.669,180.133,135.1,0,0,0,0,0,0,154.153,206.114,206.114,202.65,190.526,159.349,98.7269,22.5167,8.66025,27.7128,38.1051,43.3013,46.7654,46.7654,13.8564,20.7846,103.923,187.061,187.061,10.3923,74.4782,74.4782,72.7461,69.282,57.1577,25.9808,34.641,110.851,142.028,161.081,171.473,176.669,180.133,135.1,0,0,0,0,0,0,154.153,206.114,206.114,202.65,190.526,159.349,98.7269,22.5167,8.66025,27.7128,38.1051,43.3013,46.7654,46.7654,10.3923,187.061,187.061,187.061,76.2102,34.641,34.641,34.641,32.909,27.7128,15.5885,20.7846,90.0666,
